profile_id,hang_xe,mau_xe,nam,thi_truong,hop_so,ma_dong_co,dung_tich_L,xang_do_thi_L_100km,xang_hon_hop_L_100km,may_phat_A_DUOC_XAC_MINH_THEO_MA,ghi_chu_may_phat_theo_catalog,may_phat_A_GIA_LAP_DUNG_CHO_SIM,nguon_xang,nguon_may_phat,chu_y
YARIS13_UK_MT,Toyota,Yaris hatchback 1.3 VVT-i,2008,UK,MT,1.3 2SZ-FE (tham chiếu thị trường),1.3,7.2,6.0,,80–90A trên một số mã 2SZ-FE; chưa xác nhận VIN,80,https://xr793.com/wp-content/uploads/2022/12/2008-Toyota-Range-UK.pdf,https://partsouq.com/en/catalog/genuine/unit?c=Toyota&cid=1&q=VNKKL96390A307738&ssd=%24%2AKwGVobCPy8T4x9_H5pqSh83Z-f7gkZ6TkoCvnNTS4fbi7ujgsrWl4-Pv9PTy8-qwt5L41tLW5_Dv6LW81ZGVmJDmlZGUycPU2cjh24XSg5ncqs6LhMKCnZfc3YuZiOfdg8POwoOZz9zOwc_Fgp2EkJrOw86LhMjOhZyDksfC2JWX44La2NfKmrCXhc_Vgp2E9-qw0sCFz9KCnYT37bW7oJ6QkpmX55KTycffn4SNgsTFg5ncwd2Rk5OQhYqDzp3S1oX14vCelu2Ovbih4O32gouEx8qa0taWno2C0cWDmdzD3ZHxg90AAAAAJvXB8Q%3D%3D%24&uid=14873&vid=0,Lượng xăng là từ bản/chu trình đo cụ thể; công suất máy phát phải đối chiếu VIN trước khi áp dụng.
YARIS13_UK_MM,Toyota,Yaris hatchback 1.3 VVT-i,2008,UK,MultiMode,1.3 2SZ-FE (tham chiếu thị trường),1.3,6.7,5.8,,80–90A trên một số mã 2SZ-FE; chưa xác nhận VIN,80,https://xr793.com/wp-content/uploads/2022/12/2008-Toyota-Range-UK.pdf,https://partsouq.com/en/catalog/genuine/unit?c=Toyota&cid=1&q=VNKKL96390A307738&ssd=%24%2AKwGVobCPy8T4x9_H5pqSh83Z-f7gkZ6TkoCvnNTS4fbi7ujgsrWl4-Pv9PTy8-qwt5L41tLW5_Dv6LW81ZGVmJDmlZGUycPU2cjh24XSg5ncqs6LhMKCnZfc3YuZiOfdg8POwoOZz9zOwc_Fgp2EkJrOw86LhMjOhZyDksfC2JWX44La2NfKmrCXhc_Vgp2E9-qw0sCFz9KCnYT37bW7oJ6QkpmX55KTycffn4SNgsTFg5ncwd2Rk5OQhYqDzp3S1oX14vCelu2Ovbih4O32gouEx8qa0taWno2C0cWDmdzD3ZHxg90AAAAAJvXB8Q%3D%3D%24&uid=14873&vid=0,Lượng xăng là từ bản/chu trình đo cụ thể; công suất máy phát phải đối chiếu VIN trước khi áp dụng.
YARIS13_NCP_2NZ,Toyota,Yaris 1.3 NCP9# / 2NZ-FE,2008,General (catalog),không rõ,2NZ-FE,1.3,,,80,"12V 80A, part 27060-21151 (đúng mã động cơ/khung)",80,,https://partsouq.com/en/catalog/toyota/diagram/GENERAL/2008/YARIS/ZRE151R-DEMNK/category/1/diagram/1903/illustration/192425B/vin/JTDBW923401115567,Lượng xăng là từ bản/chu trình đo cụ thể; công suất máy phát phải đối chiếu VIN trước khi áp dụng.
YARIS15_CA_MT,Toyota,Yaris hatchback 1.5,2008,Canada,MT,1NZ-FE,1.5,7.0,6.3,,"80A cho một số bản 1NZ-FE, cần đối chiếu VIN Canada",80,https://media.toyota.ca/en/specifications/2008/2008-yaris--yaris-hatchback-specifications.html,https://www.toyotapartsdeal.com/oem-2008-toyota-yaris-alternator.html,Lượng xăng là từ bản/chu trình đo cụ thể; công suất máy phát phải đối chiếu VIN trước khi áp dụng.
YARIS15_CA_AT,Toyota,Yaris hatchback 1.5,2008,Canada,AT,1NZ-FE,1.5,7.0,6.4,,"80A cho một số bản 1NZ-FE, cần đối chiếu VIN Canada",80,https://media.toyota.ca/en/specifications/2008/2008-yaris--yaris-hatchback-specifications.html,https://www.toyotapartsdeal.com/oem-2008-toyota-yaris-alternator.html,Lượng xăng là từ bản/chu trình đo cụ thể; công suất máy phát phải đối chiếu VIN trước khi áp dụng.
YARIS10_UK_MT,Toyota,Yaris hatchback 1.0 VVT-i,2008,UK,MT,1.0 VVT-i,1.0,6.4,5.4,,chưa xác minh,70,https://xr793.com/wp-content/uploads/2022/12/2008-Toyota-Range-UK.pdf,,Lượng xăng là từ bản/chu trình đo cụ thể; công suất máy phát phải đối chiếu VIN trước khi áp dụng.
AYGO10_UK_MT,Toyota,Aygo hatchback 1.0 VVT-i,2008,UK,MT,1.0 VVT-i,1.0,5.5,4.6,,chưa xác minh,65,https://xr793.com/wp-content/uploads/2022/12/2008-Toyota-Range-UK.pdf,,Lượng xăng là từ bản/chu trình đo cụ thể; công suất máy phát phải đối chiếu VIN trước khi áp dụng.
AURIS14_UK_MT,Toyota,Auris hatchback 1.4 VVT-i,2008,UK,MT,1.4 VVT-i,1.4,8.7,6.9,,chưa xác minh,90,https://xr793.com/wp-content/uploads/2022/12/2008-Toyota-Range-UK.pdf,,Lượng xăng là từ bản/chu trình đo cụ thể; công suất máy phát phải đối chiếu VIN trước khi áp dụng.
AURIS16_UK_MT,Toyota,Auris hatchback 1.6 VVT-i,2008,UK,MT,1.6 VVT-i,1.6,9.0,7.1,,chưa xác minh,100,https://xr793.com/wp-content/uploads/2022/12/2008-Toyota-Range-UK.pdf,,Lượng xăng là từ bản/chu trình đo cụ thể; công suất máy phát phải đối chiếu VIN trước khi áp dụng.
AVENSIS18_UK_MT,Toyota,Avensis sedan/hatch 1.8 VVT-i,2008,UK,MT,1.8 VVT-i,1.8,9.4,7.2,,chưa xác minh,110,https://xr793.com/wp-content/uploads/2022/12/2008-Toyota-Range-UK.pdf,,Lượng xăng là từ bản/chu trình đo cụ thể; công suất máy phát phải đối chiếu VIN trước khi áp dụng.
RAV4_20_UK_MT,Toyota,RAV4 2.0 VVT-i,2008,UK,MT,2.0 VVT-i,2.0,11.0,8.6,,chưa xác minh,120,https://xr793.com/wp-content/uploads/2022/12/2008-Toyota-Range-UK.pdf,,Lượng xăng là từ bản/chu trình đo cụ thể; công suất máy phát phải đối chiếu VIN trước khi áp dụng.
MAZDA2_13_UK_MT,Mazda,Mazda2 hatchback 1.3 MZR 86ps 5 cửa,2008,UK,MT,MZR 1.3,1.349,6.9,5.2,,chưa xác minh,80,https://xr793.com/wp-content/uploads/2022/10/2008-Mazda-Mazda2-UK.pdf,,Lượng xăng là từ bản/chu trình đo cụ thể; công suất máy phát phải đối chiếu VIN trước khi áp dụng.
MAZDA2_15_UK_MT,Mazda,Mazda2 hatchback 1.5 MZR 103ps,2008,UK,MT,MZR 1.5,1.498,7.6,5.7,,chưa xác minh,90,https://xr793.com/wp-content/uploads/2022/10/2008-Mazda-Mazda2-UK.pdf,,Lượng xăng là từ bản/chu trình đo cụ thể; công suất máy phát phải đối chiếu VIN trước khi áp dụng.
HONDA_FIT15_CA_MT,Honda,Fit hatchback 1.5 DX,2008,Canada,MT,1.5 i-VTEC,1.5,7.1,6.5,,chưa xác minh,80,https://www.guideautoweb.com/en/new-cars/compare/33581/,,Lượng xăng là từ bản/chu trình đo cụ thể; công suất máy phát phải đối chiếu VIN trước khi áp dụng.
